panic_mode,public_anxiety_index,social_media_rumour_index,regulator_scrutiny_score,avalon_raw_risk_score,true_risk_level
0,30.098162128170642,18.78148413625625,49.376260311831096,1.5049269362459774,3.0
1,48.81255768274668,36.370649944073364,57.73990291563428,0.5520011591617797,2.0
